,Unnamed: 0,municipio,dataReferencia,valor,quantidadeBeneficiados,Valor por Benef,Pop,Valor per Habit,Regiao,% pop.benef
0,0,RIO BRANCO,01/01/2018,4877303.0,23418,208.27154325732346,407319,11.974160301876411,Norte,5.749302144019798
1,1,RIO BRANCO,01/02/2018,4907869.0,23588,208.06634729523486,407319,12.049202222336795,Norte,5.791038473530574
2,2,RIO BRANCO,01/03/2018,4922561.0,23747,207.291910557123,407319,12.085272231346927,Norte,5.830074217014182
3,3,RIO BRANCO,01/04/2018,4717363.0,22638,208.382498453927,407319,11.581495093526206,Norte,5.557806043911529
4,4,RIO BRANCO,01/05/2018,4781556.0,22921,208.61027005802532,407319,11.739093928837105,Norte,5.627284757155938
5,5,RIO BRANCO,01/06/2018,4692864.0,22394,209.55898901491472,407319,11.52134813254476,Norte,5.497902135672533
6,6,RIO BRANCO,01/07/2018,4949537.0,22373,221.22813212354177,407319,12.151500421045911,Norte,5.4927464714388465
7,7,RIO BRANCO,01/08/2018,4958168.0,22462,220.7358204968391,407319,12.172690201046354,Norte,5.514596667476843
8,8,RIO BRANCO,01/09/2018,4863685.0,21862,222.47209770377827,407319,11.940727046860076,Norte,5.367291975085867
9,9,RIO BRANCO,01/10/2018,5014879.0,22426,223.61896905377688,407319,12.311920141216099,Norte,5.505758385933384
10,10,RIO BRANCO,01/11/2018,5239326.0,22995,227.84631441617745,407319,12.862955079434053,Norte,5.645452335884158
11,11,RIO BRANCO,01/12/2018,5320478.0,23243,228.90668158155142,407319,13.062189586049266,Norte,5.706338275405762
12,12,MACEIÓ,01/01/2018,8653421.0,58515,147.88380757070837,1018948,8.492505014976231,Nordeste,5.742687556185398
13,13,MACEIÓ,01/02/2018,8746056.0,59337,147.3963294403155,1018948,8.583417406972682,Nordeste,5.823358993785748
14,14,MACEIÓ,01/03/2018,8815613.0,59822,147.36406338805122,1018948,8.651680949371313,Nordeste,5.870957104778653
15,15,MACEIÓ,01/04/2018,8453319.0,56869,148.64546589530326,1018948,8.296124041658652,Nordeste,5.581148400114628
16,16,MACEIÓ,01/05/2018,8665739.0,57886,149.7035379884601,1018948,8.50459395376408,Nordeste,5.6809572225471765
17,17,MACEIÓ,01/06/2018,8771015.0,58607,149.65814663777363,1018948,8.607912278153549,Nordeste,5.751716476208795
18,18,MACEIÓ,01/07/2018,9368305.0,59464,157.54582604601103,1018948,9.194095282585568,Nordeste,5.835822829035437
19,19,MACEIÓ,01/08/2018,9618476.0,60896,157.94922490803992,1018948,9.439614190321782,Nordeste,5.9763599320083065
20,20,MACEIÓ,01/09/2018,9326828.0,58829,158.54133165615602,1018948,9.153389574345304,Nordeste,5.773503652786991
21,21,MACEIÓ,01/10/2018,9501447.0,59457,159.80367324284774,1018948,9.324761420602425,Nordeste,5.8351358459901785
22,22,MACEIÓ,01/11/2018,9859826.0,60531,162.88886686160808,1018948,9.67647613028339,Nordeste,5.94053867321983
23,23,MACEIÓ,01/12/2018,9734973.0,59006,164.98276446463072,1018948,9.553944852926744,Nordeste,5.7908745097885275
24,24,MACAPÁ,01/01/2018,5523907.0,30221,182.78372654776481,503327,10.97478776223012,Norte,6.0042477355675326
25,25,MACAPÁ,01/02/2018,5546807.0,30737,180.460259621954,503327,11.020285023453937,Norte,6.106765581818577
26,26,MACAPÁ,01/03/2018,5594530.0,30924,180.91223645065318,503327,11.115100123776395,Norte,6.143918367184753
27,27,MACAPÁ,01/04/2018,5537960.0,30532,181.38215642604482,503327,11.002707981093804,Norte,6.066036592513416
28,28,MACAPÁ,01/05/2018,5683949.0,30994,183.38868813318703,503327,11.292756001565582,Norte,6.157825826947491
29,29,MACAPÁ,01/06/2018,5745301.0,31390,183.02965912711048,503327,11.41464892604609,Norte,6.2365023136052695
30,30,MACAPÁ,01/07/2018,6150846.0,31802,193.4106659958493,503327,12.220377607400358,Norte,6.318357648208817
31,31,MACAPÁ,01/08/2018,6209407.0,32171,193.01255789375526,503327,12.336725428995464,Norte,6.391669828958112
32,32,MACAPÁ,01/09/2018,6015809.0,31157,193.080495554771,503327,11.952088801117366,Norte,6.190210340395012
33,33,MACAPÁ,01/10/2018,6220012.0,31450,197.77462639109692,503327,12.357795230536013,Norte,6.248422993401904
34,34,MACAPÁ,01/11/2018,6171990.0,31565,195.53271028037383,503327,12.262386083003696,Norte,6.2712709630121175
35,35,MACAPÁ,01/12/2018,6099325.0,30596,199.3504052817362,503327,12.118016716766634,Norte,6.078751984296491
36,36,MANAUS,01/01/2018,18365479.0,120224,152.76050538993874,2182763,8.41386765306174,Norte,5.507881524471507
37,37,MANAUS,01/02/2018,18372454.0,121121,151.6867760338835,2182763,8.417063144280895,Norte,5.548976228752274
38,38,MANAUS,01/03/2018,18462162.0,121844,151.52294737533242,2182763,8.458161513641198,Norte,5.582099385045468
39,39,MANAUS,01/04/2018,18009145.0,118802,151.58957761653843,2182763,8.250618596705186,Norte,5.442734735745474
40,40,MANAUS,01/05/2018,18362866.0,120944,151.82949133483262,2182763,8.412670546458777,Norte,5.540867240282156
41,41,MANAUS,01/06/2018,18594718.0,122271,152.07790890726338,2182763,8.51889004898837,Norte,5.60166174706095
42,42,MANAUS,01/07/2018,19807762.0,123892,159.879265812159,2182763,9.074627891346882,Norte,5.675925421129093
43,43,MANAUS,01/08/2018,20029406.0,125454,159.65537966107098,2182763,9.176170752390432,Norte,5.747486099040527
44,44,MANAUS,01/09/2018,19831197.0,123683,160.33890672121473,2182763,9.085364283708307,Norte,5.666350400845167
45,45,MANAUS,01/10/2018,20081617.0,125398,160.14304055886058,2182763,9.200090435837515,Norte,5.744920543366367
46,46,MANAUS,01/11/2018,20698454.0,126848,163.17524911705348,2182763,9.48268501894159,Norte,5.811350109929478
47,47,MANAUS,01/12/2018,20481682.0,124134,164.99655211303914,2182763,9.38337419133456,Norte,5.6870122867210045
48,48,SALVADOR,01/01/2018,26635797.0,181903,146.4285745699631,2872347,9.273182174716355,Nordeste,6.332904763943911
49,49,SALVADOR,01/02/2018,27157084.0,185826,146.14254194784368,2872347,9.454666863021773,Nordeste,6.469482969850093
50,50,SALVADOR,01/03/2018,27128113.0,186182,145.7074958911173,2872347,9.44458068610791,Nordeste,6.481877015555573
51,51,SALVADOR,01/04/2018,25626967.0,175452,146.06255272097212,2872347,8.921960682327029,Nordeste,6.108314907634767
52,52,SALVADOR,01/05/2018,25700855.0,175917,146.0964830005059,2872347,8.947684593818225,Nordeste,6.124503759469173
53,53,SALVADOR,01/06/2018,26022860.0,178188,146.04159651603925,2872347,9.059789781666352,Nordeste,6.203568022944302
54,54,SALVADOR,01/07/2018,27299510.0,176745,154.4570426320405,2872347,9.504252097674827,Nordeste,6.153330360154952
55,55,SALVADOR,01/08/2018,27617324.0,178904,154.36951661226132,2872347,9.61489819997375,Nordeste,6.228495373295775
56,56,SALVADOR,01/09/2018,26684354.0,172633,154.5727294318004,2872347,9.29008716565234,Nordeste,6.010172169309628
57,57,SALVADOR,01/10/2018,26971363.0,174603,154.4725061997789,2872347,9.390008588795157,Nordeste,6.078757197511304
58,58,SALVADOR,01/11/2018,27782217.0,178111,155.9826007377422,2872347,9.672305261167956,Nordeste,6.200887288339466
59,59,SALVADOR,01/12/2018,26838912.0,171305,156.6732553048656,2872347,9.343896123971094,Nordeste,5.963938201059968
60,60,FORTALEZA,01/01/2018,31483926.0,195407,161.11974494260696,2669342,11.7946392781442,Nordeste,7.320418290350206
61,61,FORTALEZA,01/02/2018,31732667.0,197445,160.71648813593657,2669342,11.887823665907181,Nordeste,7.396766693814431
62,62,FORTALEZA,01/03/2018,32052147.0,199395,160.746994658843,2669342,12.007508592005069,Nordeste,7.4698184046854985
63,63,FORTALEZA,01/04/2018,31550304.0,194039,162.59774581398585,2669342,11.819506080524715,Nordeste,7.269169705492963
64,64,FORTALEZA,01/05/2018,32690795.0,197546,165.48446944002916,2669342,12.246761561463465,Nordeste,7.400550397813394
65,65,FORTALEZA,01/06/2018,32197550.0,195942,164.3218401363669,2669342,12.061980068496279,Nordeste,7.340460682819962
66,66,FORTALEZA,01/07/2018,34362167.0,197415,174.06056783932323,2669342,12.872897890191664,Nordeste,7.395642821339492
67,67,FORTALEZA,01/08/2018,35175233.0,201331,174.71344701014752,2669342,13.177492056094724,Nordeste,7.542345641734929
68,68,FORTALEZA,01/09/2018,35218097.0,200029,176.0649555814407,2669342,13.19354994601666,Nordeste,7.493569576322554
69,69,FORTALEZA,01/10/2018,36050963.0,204372,176.39873857475587,2669342,13.505561670254318,Nordeste,7.656268848277964
70,70,FORTALEZA,01/11/2018,36936247.0,207234,178.23449337463933,2669342,13.837210443622437,Nordeste,7.763486282387196
71,71,FORTALEZA,01/12/2018,36486408.0,204261,178.62640445312616,2669342,13.668689886870995,Nordeste,7.652110520120688
72,72,BRASÍLIA,01/01/2018,12984317.0,80959,160.38139058041725,3015268,4.30619003020627,Centro Oeste,2.6849686329706017
73,73,BRASÍLIA,01/02/2018,13214312.0,81831,161.4829587809021,3015268,4.382466832135651,Centro Oeste,2.7138881187343875
74,74,BRASÍLIA,01/03/2018,13330892.0,82987,160.638316844807,3015268,4.421130062070769,Centro Oeste,2.7522263361001413
75,75,BRASÍLIA,01/04/2018,12400467.0,76884,161.2880053066958,3015268,4.112558817325692,Centro Oeste,2.549823100301532
76,76,BRASÍLIA,01/05/2018,12420713.0,76848,161.6270169685613,3015268,4.1192733116923606,Centro Oeste,2.548629176577339
77,77,BRASÍLIA,01/06/2018,11949954.0,74093,161.28317114977122,3015268,3.963148217670867,Centro Oeste,2.45726084712868
78,78,BRASÍLIA,01/07/2018,12639744.0,73519,171.92486296059522,3015268,4.191913952590617,Centro Oeste,2.4382243966373798
79,79,BRASÍLIA,01/08/2018,12851306.0,74980,171.39645238730327,3015268,4.262077533406648,Centro Oeste,2.48667780111088
80,80,BRASÍLIA,01/09/2018,12494225.0,72125,173.23015597920278,3015268,4.143653234140381,Centro Oeste,2.3919930168727954
81,81,BRASÍLIA,01/10/2018,13076889.0,74646,175.1853950647054,3015268,4.336891115482936,Centro Oeste,2.4756008421142
82,82,BRASÍLIA,01/11/2018,13230081.0,75422,175.41408342393467,3015268,4.387696549693096,Centro Oeste,2.5013365312801383
83,83,BRASÍLIA,01/12/2018,12720508.0,70924,179.3540691444363,3015268,4.218698968051927,Centro Oeste,2.352162394851801
84,84,VITÓRIA,01/01/2018,2439668.0,12384,197.00161498708007,362097,6.737608983228251,Sudeste,3.4200780453856288
85,85,VITÓRIA,01/02/2018,2505225.0,12781,196.01165792973944,362097,6.9186571554031095,Sudeste,3.5297171752320518
86,86,VITÓRIA,01/03/2018,2517675.0,12966,194.17515039333642,362097,6.953040207458223,Sudeste,3.5808084574022985
87,87,VITÓRIA,01/04/2018,2381592.0,12182,195.50090297159744,362097,6.577221020886668,Sudeste,3.3642918886375752
88,88,VITÓRIA,01/05/2018,2522919.0,12521,201.49500838591166,362097,6.967522514685293,Sudeste,3.4579132111008932
89,89,VITÓRIA,01/06/2018,2529238.0,12684,199.40381583096814,362097,6.984973639660091,Sudeste,3.5029287732292724
90,90,VITÓRIA,01/07/2018,2634906.0,12696,207.5382797731569,362097,7.276795996652829,Sudeste,3.5062428023430185
91,91,VITÓRIA,01/08/2018,2730796.0,13028,209.60976358612217,362097,7.541614539750397,Sudeste,3.5979309411566516
92,92,VITÓRIA,01/09/2018,2526762.0,12201,207.0946643717728,362097,6.978135692922063,Sudeste,3.369539101401005
93,93,VITÓRIA,01/10/2018,2810613.0,12844,218.8269230769231,362097,7.762044424560269,Sudeste,3.5471158280792165
94,94,VITÓRIA,01/11/2018,2840489.0,13217,214.9117802829689,362097,7.8445527027288255,Sudeste,3.6501268996981473
95,95,VITÓRIA,01/12/2018,2760824.0,12947,213.24044180118943,362097,7.6245425949400305,Sudeste,3.575561244638868
96,96,GOIÂNIA,01/01/2018,3183486.0,25142,126.62023705353592,1516113,2.0997682890391416,Centro Oeste,1.658319663507931
97,97,GOIÂNIA,01/02/2018,3236504.0,25515,126.84710954340584,1516113,2.1347379779739373,Centro Oeste,1.6829220513246703
98,98,GOIÂNIA,01/03/2018,3325580.0,26161,127.11975841902068,1516113,2.193490854573505,Centro Oeste,1.725531012530069
99,99,GOIÂNIA,01/04/2018,3208244.0,24989,128.38624994997798,1516113,2.1160982064001828,Centro Oeste,1.6482280674329683
100,100,GOIÂNIA,01/05/2018,3285661.0,25515,128.77370174407213,1516113,2.167161022958051,Centro Oeste,1.6829220513246703
101,101,GOIÂNIA,01/06/2018,3322095.0,25765,128.93828837570348,1516113,2.1911922132453188,Centro Oeste,1.6994115873948707
102,102,GOIÂNIA,01/07/2018,3543094.0,25971,136.42501251395788,1516113,2.336959052524449,Centro Oeste,1.7129989651167163
103,103,GOIÂNIA,01/08/2018,3615753.0,26489,136.5001698818377,1516113,2.384883580577437,Centro Oeste,1.747165283854172
104,104,GOIÂNIA,01/09/2018,3555441.0,25722,138.2256822953114,1516113,2.3451029045988,Centro Oeste,1.6965753871907967
105,105,GOIÂNIA,01/10/2018,3686475.0,26504,139.0912692423785,1516113,2.431530499375706,Centro Oeste,1.7481546560183838
106,106,GOIÂNIA,01/11/2018,3848732.0,27030,142.3874213836478,1516113,2.538552205541408,Centro Oeste,1.7828486399100858
107,107,GOIÂNIA,01/12/2018,3831965.0,26528,144.4498265983112,1516113,2.527493003489845,Centro Oeste,1.749737651481123
108,108,SÃO LUÍS,01/01/2018,12882665.0,83689,153.93498548196297,1101884,11.691489303774269,Nordeste,7.595082603976463
109,109,SÃO LUÍS,01/02/2018,12882430.0,84182,153.03069539806611,1101884,11.691276032685835,Nordeste,7.639824155718751
110,110,SÃO LUÍS,01/03/2018,12831699.0,84052,152.66381525722173,1101884,11.64523579614551,Nordeste,7.628026180614293
111,111,SÃO LUÍS,01/04/2018,12330564.0,79939,154.2496653698445,1101884,11.190437468916874,Nordeste,7.25475639904019
112,112,SÃO LUÍS,01/05/2018,12397271.0,80234,154.51393424234115,1101884,11.250976509324028,Nordeste,7.281528727161842
113,113,SÃO LUÍS,01/06/2018,12396089.0,79570,155.78847555611412,1101884,11.249903801126072,Nordeste,7.2212683004744616
114,114,SÃO LUÍS,01/07/2018,13471712.0,80051,168.2891156887484,1101884,12.22607098387852,Nordeste,7.264920808360952
115,115,SÃO LUÍS,01/08/2018,13424303.0,80690,166.3688561159995,1101884,12.183045583745658,Nordeste,7.322912393682094
116,116,SÃO LUÍS,01/09/2018,13081910.0,78836,165.93827692932163,1101884,11.872311422981005,Nordeste,7.1546551179616005
117,117,SÃO LUÍS,01/10/2018,13124699.0,79626,164.82931454550018,1101884,11.911144004269051,Nordeste,7.2263505051348425
118,118,SÃO LUÍS,01/11/2018,13257137.0,80344,165.00469232301106,1101884,12.031336329413984,Nordeste,7.291511629173307
119,119,SÃO LUÍS,01/12/2018,13231620.0,80336,164.70349531965743,1101884,12.008178719357028,Nordeste,7.2907855999361075
120,120,CUIABÁ,01/01/2018,2412143.0,19499,123.70598492230371,612547,3.937890480240701,Centro Oeste,3.1832659371444154
121,121,CUIABÁ,01/02/2018,2420862.0,19753,122.55667493545285,612547,3.952124490039132,Centro Oeste,3.224732143002904
122,122,CUIABÁ,01/03/2018,2462008.0,20115,122.3966194382302,612547,4.019296478474305,Centro Oeste,3.2838296489902
123,123,CUIABÁ,01/04/2018,2352691.0,19213,122.45307864466768,612547,3.8408334380872,Centro Oeste,3.1365756423588724
124,124,CUIABÁ,01/05/2018,2417901.0,19511,123.92501665727026,612547,3.9472905752538168,Centro Oeste,3.1852249704920603
125,125,CUIABÁ,01/06/2018,2424904.0,19672,123.2667751118341,612547,3.9587231673651164,Centro Oeste,3.2115086679062994
126,126,CUIABÁ,01/07/2018,2662660.0,20160,132.07638888888889,612547,4.346866444534052,Centro Oeste,3.2911760240438697
127,127,CUIABÁ,01/08/2018,2708694.0,20699,130.8611044011788,612547,4.4220182288053,Centro Oeste,3.3791692719089315
128,128,CUIABÁ,01/09/2018,2754287.0,21026,130.99434034053078,612547,4.4964500683212885,Centro Oeste,3.4325529306322613
129,129,CUIABÁ,01/10/2018,2823417.0,21564,130.93196994991652,612547,4.609306714423546,Centro Oeste,3.5203829257183528
130,130,CUIABÁ,01/11/2018,2906266.0,21883,132.8093040259562,612547,4.744560009272758,Centro Oeste,3.5724605622099204
131,131,CUIABÁ,01/12/2018,2844159.0,21333,133.3220362818169,612547,4.643168605837593,Centro Oeste,3.4826715337761835
132,132,CAMPO GRANDE,01/01/2018,3782845.0,25803,146.6048521489749,895982,4.222010040380274,Centro Oeste,2.879856961412171
133,133,CAMPO GRANDE,01/02/2018,3860720.0,26244,147.10867245846669,895982,4.308925848956787,Centro Oeste,2.9290767002015663
134,134,CAMPO GRANDE,01/03/2018,3946497.0,26849,146.9886029274833,895982,4.404661031136786,Centro Oeste,2.9966003781325963
135,135,CAMPO GRANDE,01/04/2018,3851554.0,25846,149.0193453532461,895982,4.298695732726774,Centro Oeste,2.8846561649676
136,136,CAMPO GRANDE,01/05/2018,3981302.0,26553,149.93793544985502,895982,4.443506677589506,Centro Oeste,2.9635640001696464
137,137,CAMPO GRANDE,01/06/2018,4090303.0,27243,150.1414308262673,895982,4.565162023344219,Centro Oeste,3.0405744758265234
138,138,CAMPO GRANDE,01/07/2018,4445292.0,28102,158.18418617891962,895982,4.96136306309725,Centro Oeste,3.1364469375500845
139,139,CAMPO GRANDE,01/08/2018,4635136.0,29338,157.99086508964484,895982,5.173246783975571,Centro Oeste,3.2743961374224035
140,140,CAMPO GRANDE,01/09/2018,4696270.0,29607,158.62025872259937,895982,5.241478065407564,Centro Oeste,3.3044190619900853
141,141,CAMPO GRANDE,01/10/2018,4840052.0,30381,159.31180672130608,895982,5.401952271362593,Centro Oeste,3.3908047259877985
142,142,CAMPO GRANDE,01/11/2018,5017404.0,31021,161.74217465587827,895982,5.599893747865472,Centro Oeste,3.4622347323941773
143,143,CAMPO GRANDE,01/12/2018,5052886.0,30736,164.39634305049455,895982,5.639494989854707,Centro Oeste,3.430426057666337
144,144,BELO HORIZONTE,01/01/2018,8367050.0,57846,144.64353628600074,2512070,3.330739191184959,Sudeste,2.3027224559825163
145,145,BELO HORIZONTE,01/02/2018,8442332.0,58866,143.416097577549,2512070,3.3607073051308283,Sudeste,2.343326420044028
146,146,BELO HORIZONTE,01/03/2018,8546866.0,59728,143.09647066702385,2512070,3.4023199990446127,Sudeste,2.3776407504567945
147,147,BELO HORIZONTE,01/04/2018,8171578.0,56970,143.4365104440934,2512070,3.2529260729199425,Sudeste,2.267850816259101
148,148,BELO HORIZONTE,01/05/2018,8376310.0,57786,144.9539680891566,2512070,3.3344253941968183,Sudeste,2.300333987508309
149,149,BELO HORIZONTE,01/06/2018,8334941.0,57414,145.17262340195768,2512070,3.3179573021452438,Sudeste,2.285525482968229
150,150,BELO HORIZONTE,01/07/2018,8831120.0,57135,154.56585280476062,2512070,3.5154752853224642,Sudeste,2.2744191045631688
151,151,BELO HORIZONTE,01/08/2018,9099664.0,58441,155.7068496432299,2512070,3.622376764978683,Sudeste,2.3264081016850646
152,152,BELO HORIZONTE,01/09/2018,8829812.0,56039,157.56548118274773,2512070,3.5149545991950863,Sudeste,2.2307897471009963
153,153,BELO HORIZONTE,01/10/2018,9099037.0,57428,158.44251932855053,2512070,3.622127170023128,Sudeste,2.2860827922788776
154,154,BELO HORIZONTE,01/11/2018,9500665.0,58437,162.5796156544655,2512070,3.782006472749565,Sudeste,2.3262488704534507
155,155,BELO HORIZONTE,01/12/2018,9303802.0,56700,164.08821869488537,2512070,3.703639627876612,Sudeste,2.257102708125172
156,156,BELÉM,01/01/2018,17735830.0,115196,153.96220354873432,1492745,11.881352809756525,Norte,7.717058171355458
157,157,BELÉM,01/02/2018,17611651.0,115408,152.6033810481076,1492745,11.798164455416028,Norte,7.731260195143845
158,158,BELÉM,01/03/2018,17645620.0,115510,152.7627045277465,1492745,11.820920518909796,Norte,7.738093244325053
159,159,BELÉM,01/04/2018,17208608.0,112621,152.8010584171691,1492745,11.528163216088481,Norte,7.544557174869118
160,160,BELÉM,01/05/2018,17449090.0,113796,153.33658476572108,1492745,11.689263738950725,Norte,7.623271221809485
161,161,BELÉM,01/06/2018,17370500.0,113986,152.3915217658309,1492745,11.636615764916312,Norte,7.6359994506764375
162,162,BELÉM,01/07/2018,18390502.0,114358,160.81517690061037,1492745,12.31992202285052,Norte,7.6609199829843675
163,163,BELÉM,01/08/2018,18649793.0,116037,160.72281255116903,1492745,12.493622822384264,Norte,7.773397331761285
164,164,BELÉM,01/09/2018,18403440.0,114831,160.26543355017373,1492745,12.328589276802132,Norte,7.692606573795255
165,165,BELÉM,01/10/2018,18582638.0,116612,159.35442321544951,1492745,12.44863523240741,Norte,7.81191697175338
166,166,BELÉM,01/11/2018,18980404.0,117466,161.5821088655441,1492745,12.715101373643858,Norte,7.869127010976423
167,167,BELÉM,01/12/2018,18702010.0,114771,162.9506582673323,1492745,12.528603344844566,Norte,7.6885871331004285
168,168,JOÃO PESSOA,01/01/2018,9876733.0,57110,172.9422693048503,809015,12.208343479416328,Nordeste,7.059201621725185
169,169,JOÃO PESSOA,01/02/2018,9855138.0,57773,170.58380212209855,809015,12.181650525639204,Nordeste,7.141153130658887
170,170,JOÃO PESSOA,01/03/2018,9893690.0,58169,170.0852687857794,809015,12.229303535781169,Nordeste,7.1901015432346735
171,171,JOÃO PESSOA,01/04/2018,9582152.0,56190,170.53126890905858,809015,11.844220440906534,Nordeste,6.945483087458205
172,172,JOÃO PESSOA,01/05/2018,9857779.0,57454,171.5768962996484,809015,12.18491498921528,Nordeste,7.1017224649728385
173,173,JOÃO PESSOA,01/06/2018,9632191.0,56446,170.64435035254934,809015,11.90607219890855,Nordeste,6.977126505689018
174,174,JOÃO PESSOA,01/07/2018,10278826.0,56860,180.77428772423497,809015,12.705358985927331,Nordeste,7.0282998461091575
175,175,JOÃO PESSOA,01/08/2018,10506451.0,58209,180.49530141387075,809015,12.986719652911255,Nordeste,7.195045827333237
176,176,JOÃO PESSOA,01/09/2018,10383728.0,57413,180.86022329437583,809015,12.83502530855423,Nordeste,7.096654573771808
177,177,JOÃO PESSOA,01/10/2018,10432768.0,58240,179.13406593406594,809015,12.895642231602626,Nordeste,7.198877647509626
178,178,JOÃO PESSOA,01/11/2018,10591642.0,58694,180.45527651889458,809015,13.092021779571455,Nordeste,7.254995272028331
179,179,JOÃO PESSOA,01/12/2018,10420691.0,57704,180.58871135449883,809015,12.880714201838035,Nordeste,7.1326242405888625
180,180,CURITIBA,01/01/2018,4666810.0,31074,150.18375490763984,1933105,2.41415236109782,Sul,1.6074657093122204
181,181,CURITIBA,01/02/2018,4704498.0,31356,150.03501722158438,1933105,2.433648456757393,Sul,1.622053639093583
182,182,CURITIBA,01/03/2018,4782162.0,31955,149.65301204819278,1933105,2.473824236138233,Sul,1.6530400573171142
183,183,CURITIBA,01/04/2018,4525154.0,30164,150.01836626442116,1933105,2.3408733617677258,Sul,1.5603911841312292
184,184,CURITIBA,01/05/2018,4607790.0,30641,150.37988316308216,1933105,2.3836211690518616,Sul,1.5850665121656609
185,185,CURITIBA,01/06/2018,4609502.0,30757,149.8683876841044,1933105,2.3845067908882336,Sul,1.5910672208700511
186,186,CURITIBA,01/07/2018,4803342.0,30500,157.48662295081968,1933105,2.4847807025484907,Sul,1.57777254727498
187,187,CURITIBA,01/08/2018,4910312.0,31152,157.62429378531073,1933105,2.5401165482475085,Sul,1.6115006686134483
188,188,CURITIBA,01/09/2018,4786574.0,30282,158.0666402483323,1933105,2.4761065746558,Sul,1.5664953533305226
189,189,CURITIBA,01/10/2018,4876405.0,30934,157.63900562487876,1933105,2.5225763732440813,Sul,1.6002234746689912
190,190,CURITIBA,01/11/2018,5034462.0,31494,159.8546389788531,1933105,2.6043396504587184,Sul,1.6291924132419089
191,191,CURITIBA,01/12/2018,4976490.0,30886,161.12445768309266,1933105,2.5743505914060543,Sul,1.5977404227913123
192,192,RECIFE,01/01/2018,12675924.0,98618,128.53560201991522,1645727,7.702324869191549,Nordeste,5.992366899248783
193,193,RECIFE,01/02/2018,12606957.0,98375,128.152040660737,1645727,7.660418161699966,Nordeste,5.977601388322607
194,194,RECIFE,01/03/2018,12570569.0,98447,127.6886954401861,1645727,7.638307568630762,Nordeste,5.981976354522955
195,195,RECIFE,01/04/2018,12023538.0,94225,127.60454231891748,1645727,7.3059128275831915,Nordeste,5.725433197608108
196,196,RECIFE,01/05/2018,12027489.0,94394,127.41793969955721,1645727,7.30831359028563,Nordeste,5.735702215495037
197,197,RECIFE,01/06/2018,11989975.0,94543,126.82033572025429,1645727,7.285518801113429,Nordeste,5.7447559649929785
198,198,RECIFE,01/07/2018,12577689.0,94379,133.26787738797822,1645727,7.642633924095553,Nordeste,5.734790764203298
199,199,RECIFE,01/08/2018,12773864.0,95467,133.80397414813496,1645727,7.761836562200171,Nordeste,5.800901364564111
200,200,RECIFE,01/09/2018,12615520.0,93920,134.32197614991483,1645727,7.665621333307407,Nordeste,5.70690035467608
201,201,RECIFE,01/10/2018,12705258.0,94870,133.92282070201327,1645727,7.7201492106527985,Nordeste,5.764625603152893
202,202,RECIFE,01/11/2018,12886454.0,95551,134.8646691295748,1645727,7.830250096158111,Nordeste,5.8060054917978485
203,203,RECIFE,01/12/2018,12536409.0,92651,135.3078649987588,1645727,7.617550784546889,Nordeste,5.629791575394948
204,204,TERESINA,01/01/2018,9389285.0,52729,178.0668133285289,864845,10.856610144014246,Nordeste,6.0969306638761855
205,205,TERESINA,01/02/2018,9629234.0,54314,177.2882498066797,864845,11.134057547884305,Nordeste,6.280200498355197
206,206,TERESINA,01/03/2018,9758357.0,55666,175.30192577156612,864845,11.283359445912273,Nordeste,6.4365290890275135
207,207,TERESINA,01/04/2018,9427759.0,54064,174.38145531222256,864845,10.901096728315478,Nordeste,6.251293584399518
208,208,TERESINA,01/05/2018,9727730.0,55408,175.56544181345654,864845,11.24794616376345,Nordeste,6.406697153825252
209,209,TERESINA,01/06/2018,9827378.0,56593,173.650062728606,864845,11.363166810237672,Nordeste,6.543715925975175
210,210,TERESINA,01/07/2018,10474482.0,57048,183.6082246529239,864845,12.111397996172723,Nordeste,6.596326509374513
211,211,TERESINA,01/08/2018,10488903.0,57582,182.1559341460873,864845,12.12807266041892,Nordeste,6.658071677583845
212,212,TERESINA,01/09/2018,10379807.0,56187,184.73680744656244,864845,12.001927513022563,Nordeste,6.496771097711151
213,213,TERESINA,01/10/2018,10439600.0,56782,183.85403825155862,864845,12.071064757268644,Nordeste,6.565569552925671
214,214,TERESINA,01/11/2018,10830377.0,57643,187.8871155213989,864845,12.522911041862994,Nordeste,6.6651249645890305
215,215,TERESINA,01/12/2018,10399198.0,54974,189.16575108232982,864845,12.024348871763149,Nordeste,6.356514751198191
216,216,RIO DE JANEIRO,01/01/2018,40042161.0,249308,160.6132213968264,6718903,5.959627784476128,Sudeste,3.710546200771168
217,217,RIO DE JANEIRO,01/02/2018,40013595.0,249634,160.28904315918504,6718903,5.955376197572727,Sudeste,3.7153981833046266
218,218,RIO DE JANEIRO,01/03/2018,40240459.0,251771,159.8296030916984,6718903,5.989141233323356,Sudeste,3.747203970648184
219,219,RIO DE JANEIRO,01/04/2018,38732213.0,241337,160.4901569175054,6718903,5.764663219576173,Sudeste,3.5919107628135127
220,220,RIO DE JANEIRO,01/05/2018,39617955.0,245364,161.46604636376975,6718903,5.896491585010233,Sudeste,3.6518461421455264
221,221,RIO DE JANEIRO,01/06/2018,39084495.0,242399,161.2403310244679,6718903,5.8170946953691685,Sudeste,3.607716914502263
222,222,RIO DE JANEIRO,01/07/2018,41273081.0,241868,170.64299948732366,6718903,6.142830310245588,Sudeste,3.599813838657888
223,223,RIO DE JANEIRO,01/08/2018,42213578.0,246875,170.99170835443041,6718903,6.282808071496196,Sudeste,3.6743349323542853
224,224,RIO DE JANEIRO,01/09/2018,41880654.0,243993,171.6469488878779,6718903,6.233257720791622,Sudeste,3.6314410254173928
225,225,RIO DE JANEIRO,01/10/2018,42945248.0,249274,172.2812968861574,6718903,6.391705312608322,Sudeste,3.710040165783016
226,226,RIO DE JANEIRO,01/11/2018,43878995.0,252606,173.705276200882,6718903,6.53067844557363,Sudeste,3.75963159462192
227,227,RIO DE JANEIRO,01/12/2018,43187863.0,245993,175.56541446301318,6718903,6.4278146298584735,Sudeste,3.6612077894263386
228,228,NATAL,01/01/2018,6442859.0,41834,154.01011139264713,884122,7.287296323358087,Nordeste,4.731699923766176
229,229,NATAL,01/02/2018,6483236.0,42374,153.00033039127766,884122,7.332965359984255,Nordeste,4.792777467363102
230,230,NATAL,01/03/2018,6583935.0,42747,154.02098392869675,884122,7.446862537070674,Nordeste,4.8349662150698665
231,231,NATAL,01/04/2018,6359945.0,40724,156.1719133680385,884122,7.193515148361878,Nordeste,4.606151639705833
232,232,NATAL,01/05/2018,6533662.0,41415,157.76076300857181,884122,7.390000475047561,Nordeste,4.684308274197453
233,233,NATAL,01/06/2018,6630389.0,42168,157.23745494213622,884122,7.499405059482743,Nordeste,4.769477515546497
234,234,NATAL,01/07/2018,7159297.0,42830,167.15612888162502,884122,8.097634715570928,Nordeste,4.8443540597338375
235,235,NATAL,01/08/2018,7310018.0,43844,166.72789891433263,884122,8.268110057209299,Nordeste,4.959044113821396
236,236,NATAL,01/09/2018,7390126.0,43591,169.53329815787663,884122,8.358717462069714,Nordeste,4.930428153580616
237,237,NATAL,01/10/2018,7690699.0,44630,172.32128613040558,884122,8.698685249320794,Nordeste,5.047945871723586
238,238,NATAL,01/11/2018,7919911.0,45519,173.9913223049716,884122,8.957939062708538,Nordeste,5.148497605534078
239,239,NATAL,01/12/2018,7831983.0,44164,177.33862421882077,884122,8.858486724682793,Nordeste,4.995238213730683
240,240,PORTO ALEGRE,01/01/2018,9859753.0,48357,203.8950513886304,1483771,6.6450638272347975,Sul,3.2590608658613767
241,241,PORTO ALEGRE,01/02/2018,10084193.0,49585,203.3718463244933,1483771,6.7963270612513655,Sul,3.3418229632470235
242,242,PORTO ALEGRE,01/03/2018,10149642.0,50103,202.57553439913772,1483771,6.840436967699193,Sul,3.376734010841296
243,243,PORTO ALEGRE,01/04/2018,9567428.0,47256,202.459539529372,1483771,6.4480489239916405,Sul,3.1848580407623546
244,244,PORTO ALEGRE,01/05/2018,9760367.0,47969,203.4723884175196,1483771,6.578081792945138,Sul,3.232911278088061
245,245,PORTO ALEGRE,01/06/2018,9534991.0,47277,201.6835036064048,1483771,6.426187733821459,Sul,3.1862733535026635
246,246,PORTO ALEGRE,01/07/2018,9943643.0,46666,213.0811083015472,1483771,6.701602201417874,Sul,3.1450944923441693
247,247,PORTO ALEGRE,01/08/2018,10162629.0,47841,212.425095629272,1483771,6.8491896660603295,Sul,3.2242846099566576
248,248,PORTO ALEGRE,01/09/2018,9871180.0,46792,210.95871089075055,1483771,6.652765150417416,Sul,3.1535863687860184
249,249,PORTO ALEGRE,01/10/2018,10046684.0,47776,210.287257200268,1483771,6.7710475538341175,Sul,3.2199038800461794
250,250,PORTO ALEGRE,01/11/2018,10404816.0,48726,213.53724910725282,1483771,7.012413640649401,Sul,3.2839299325839364
251,251,PORTO ALEGRE,01/12/2018,10509941.0,48763,215.53105838443082,1483771,7.083263522470785,Sul,3.28642357884067
252,252,PORTO VELHO,01/01/2018,3704181.0,24169,153.2616574951384,529544,6.995039128004472,Norte,4.564115540918224
253,253,PORTO VELHO,01/02/2018,3689891.0,24220,152.348926507019,529544,6.968053646155938,Norte,4.573746468659828
254,254,PORTO VELHO,01/03/2018,3665300.0,24084,152.188174721807,529544,6.921615578686567,Norte,4.5480639946822174
255,255,PORTO VELHO,01/04/2018,3610832.0,23638,152.75539385734834,529544,6.818757270406238,Norte,4.463840587373287
256,256,PORTO VELHO,01/05/2018,3683138.0,24053,153.1259302373924,529544,6.955301164775731,Norte,4.542209901349086
257,257,PORTO VELHO,01/06/2018,3730527.0,24400,152.89045081967214,529544,7.044791367667277,Norte,4.607737978336078
258,258,PORTO VELHO,01/07/2018,3966459.0,24602,161.22506300300788,529544,7.490329415497108,Norte,4.645884005861647
259,259,PORTO VELHO,01/08/2018,4047103.0,25036,161.65134206742292,529544,7.642618932515522,Norte,4.727841312525493
260,260,PORTO VELHO,01/09/2018,4013890.0,24784,161.95489025177534,529544,7.579898931911229,Norte,4.680253198978744
261,261,PORTO VELHO,01/10/2018,4067166.0,25248,161.08864068441062,529544,7.680506246884112,Norte,4.7678757572552986
262,262,PORTO VELHO,01/11/2018,4174521.0,25552,163.37355197244838,529544,7.883237275844878,Norte,4.825283640264076
263,263,PORTO VELHO,01/12/2018,4076294.0,24768,164.57905361757102,529544,7.697743719124379,Norte,4.677231731451967
264,264,BOA VISTA,01/01/2018,2914405.0,17987,162.0284094067938,399213,7.300375989759853,Norte,4.505614797113322
265,265,BOA VISTA,01/02/2018,2985787.0,18439,161.92781604208471,399213,7.4791827921435425,Norte,4.618837562905017
266,266,BOA VISTA,01/03/2018,3106679.0,18954,163.906246702543,399213,7.782008601924286,Norte,4.74784137791104
267,267,BOA VISTA,01/04/2018,2943263.0,18525,158.88059379217273,399213,7.372663214875268,Norte,4.640379947546798
268,268,BOA VISTA,01/05/2018,3032451.0,19250,157.5299220779221,399213,7.596072773181232,Norte,4.82198725993392
269,269,BOA VISTA,01/06/2018,3138425.0,19999,156.92909645482274,399213,7.861530060393826,Norte,5.0096064005931655
270,270,BOA VISTA,01/07/2018,3378919.0,20640,163.70731589147292,399213,8.463950322259045,Norte,5.170172314027849
271,271,BOA VISTA,01/08/2018,3442295.0,21121,162.9797358079636,399213,8.622702667498302,Norte,5.29065937231503
272,272,BOA VISTA,01/09/2018,3393723.0,21036,161.32929264118653,399213,8.501033282984272,Norte,5.269367480517919
273,273,BOA VISTA,01/10/2018,3410243.0,21216,160.73920625942685,399213,8.542414700924068,Norte,5.31445619255886
274,274,BOA VISTA,01/11/2018,3501917.0,21168,165.43447656840513,399213,8.772051511348579,Norte,5.302432536014608
275,275,BOA VISTA,01/12/2018,3281839.0,19176,171.14304338756781,399213,8.220771868651571,Norte,4.8034507894282
276,276,FLORIANÓPOLIS,01/01/2018,732931.0,5180,141.49247104247104,500973,1.463014972862809,Sul,1.0339878596251697
277,277,FLORIANÓPOLIS,01/02/2018,736145.0,5296,139.00018882175226,500973,1.4694304882698268,Sul,1.057142800110984
278,278,FLORIANÓPOLIS,01/03/2018,748746.0,5405,138.52839962997226,500973,1.4945835404303225,Sul,1.0789004597054133
279,279,FLORIANÓPOLIS,01/04/2018,706872.0,5109,138.3581914268937,500973,1.4109981975076502,Sul,1.0198154391554035
280,280,FLORIANÓPOLIS,01/05/2018,761795.0,5392,141.28245548961425,500973,1.5206308523613048,Sul,1.0763055094785547
281,281,FLORIANÓPOLIS,01/06/2018,768260.0,5486,140.04010207801676,500973,1.5335357394510285,Sul,1.095068995734301
282,282,FLORIANÓPOLIS,01/07/2018,890110.0,5641,157.79294451338416,500973,1.7767624203300378,Sul,1.1260087869006912
283,283,FLORIANÓPOLIS,01/08/2018,899055.0,5866,153.2654278895329,500973,1.7946176740063835,Sul,1.1709213869809352
284,284,FLORIANÓPOLIS,01/09/2018,888847.0,5791,153.4876532550509,500973,1.7742413263788668,Sul,1.1559505202875209
285,285,FLORIANÓPOLIS,01/10/2018,933255.0,6072,153.69812252964428,500973,1.8628848261283544,Sul,1.2120413674988473
286,286,FLORIANÓPOLIS,01/11/2018,980031.0,6195,158.19709443099268,500973,1.9562551275218425,Sul,1.236593588876047
287,287,FLORIANÓPOLIS,01/12/2018,966325.0,5970,161.86348408710217,500973,1.928896367668517,Sul,1.1916809887958033
288,288,SÃO PAULO,01/01/2018,72835750.0,497295,146.4638695341799,12252023,5.9447937699757825,Sudeste,4.058880725248393
289,289,SÃO PAULO,01/02/2018,73997093.0,506259,146.1644988039719,12252023,6.039581626642393,Sudeste,4.132044153034972
290,290,SÃO PAULO,01/03/2018,74667939.0,510824,146.17155615241256,12252023,6.094335523202982,Sudeste,4.169303306074434
291,291,SÃO PAULO,01/04/2018,71336501.0,485720,146.86753891130692,12252023,5.8224263046192455,Sudeste,3.96440653106838
292,292,SÃO PAULO,01/05/2018,71651736.0,486296,147.3418165068189,12252023,5.848155525010033,Sudeste,3.9691077955044647
293,293,SÃO PAULO,01/06/2018,71768233.0,487557,147.19967716595187,12252023,5.857663913951192,Sudeste,3.979399973375825
294,294,SÃO PAULO,01/07/2018,74564046.0,478901,155.69824661046854,12252023,6.0858558623339185,Sudeste,3.908750416155765
295,295,SÃO PAULO,01/08/2018,75968031.0,487969,155.68208431273297,12252023,6.200447958675888,Sudeste,3.9827626833544136
296,296,SÃO PAULO,01/09/2018,73646561.0,473561,155.51652479828363,12252023,6.01097149425854,Sudeste,3.8651657771128898
297,297,SÃO PAULO,01/10/2018,75336481.0,482666,156.08408506089097,12252023,6.148901369186135,Sudeste,3.939480035256219
298,298,SÃO PAULO,01/11/2018,77560897.0,489999,158.28786793442438,12252023,6.330456366267022,Sudeste,3.999331375724645
299,299,SÃO PAULO,01/12/2018,76071437.0,477696,159.24654382703645,12252023,6.208887871007098,Sudeste,3.898915305660135
300,300,ARACAJU,01/01/2018,4217707.0,31227,135.0660325999936,657013,6.419518335253639,Nordeste,4.752873991838823
301,301,ARACAJU,01/02/2018,4206935.0,31440,133.8083651399491,657013,6.403122921464263,Nordeste,4.78529344168228
302,302,ARACAJU,01/03/2018,4240162.0,31747,133.56102938860366,657013,6.45369574118016,Nordeste,4.8320200665740245
303,303,ARACAJU,01/04/2018,4119152.0,30765,133.89084999187392,657013,6.269513693031949,Nordeste,4.682555748516392
304,304,ARACAJU,01/05/2018,4212556.0,31330,134.45758059368018,657013,6.411678307735159,Nordeste,4.768551002795987
305,305,ARACAJU,01/06/2018,4212040.0,31319,134.48832976787253,657013,6.410892935147403,Nordeste,4.766876758907359
306,306,ARACAJU,01/07/2018,4490449.0,31606,142.07584003037397,657013,6.834642541319577,Nordeste,4.810559304001595
307,307,ARACAJU,01/08/2018,4569032.0,31992,142.81795448862215,657013,6.9542490026833566,Nordeste,4.869310044093496
308,308,ARACAJU,01/09/2018,4507272.0,31562,142.80691971357962,657013,6.860247818536315,Nordeste,4.803862328447077
309,309,ARACAJU,01/10/2018,4563075.0,31901,143.0386194790132,657013,6.945182211006478,Nordeste,4.855459481014835
310,310,ARACAJU,01/11/2018,4638823.0,32139,144.33625812875323,657013,7.06047368925729,Nordeste,4.8916840306051785
311,311,ARACAJU,01/12/2018,4556958.0,31380,145.21854684512428,657013,6.935871892945801,Nordeste,4.7761612022897575
312,312,PALMAS,01/01/2018,1846892.0,12431,148.57147453945782,299127,6.174273803434661,Norte,4.1557599280573125
313,313,PALMAS,01/02/2018,1869179.0,12672,147.50465593434345,299127,6.248780618265821,Norte,4.236327713646712
314,314,PALMAS,01/03/2018,1891834.0,12782,148.0076670317634,299127,6.324517679781496,Norte,4.273101391716562
315,315,PALMAS,01/04/2018,1847924.0,12394,149.09827335807648,299127,6.177723843049942,Norte,4.1433905999792735
316,316,PALMAS,01/05/2018,1861957.0,12484,149.14746876001283,299127,6.224637027082143,Norte,4.173478154763695
317,317,PALMAS,01/06/2018,1901264.0,12475,152.40593186372746,299127,6.3560427510722874,Norte,4.1704693992852535
318,318,PALMAS,01/07/2018,1995233.0,12657,157.6386979537015,299127,6.670186910576444,Norte,4.231313121182642
319,319,PALMAS,01/08/2018,2030828.0,12883,157.63626484514475,299127,6.789183189748836,Norte,4.306866314307968
320,320,PALMAS,01/09/2018,1988301.0,12584,158.00230451366815,299127,6.647012807269152,Norte,4.206908771190832
321,321,PALMAS,01/10/2018,2045775.0,12954,157.9261232051876,299127,6.839151932122476,Norte,4.330602051971236
322,322,PALMAS,01/11/2018,2118713.0,13256,159.83049185274592,299127,7.082988162218722,Norte,4.431562513581189
323,323,PALMAS,01/12/2018,2150557.0,13417,160.28598047253485,299127,7.189444617169294,Norte,4.4853858060288765
324,324,RIO BRANCO,01/01/2019,5135763.0,22166,231.6955246774339,407319,12.608699815132615,Norte,5.441926352563961
325,325,RIO BRANCO,01/02/2019,5208434.0,22359,232.94574891542555,407319,12.787112803478355,Norte,5.489309361949725
326,326,RIO BRANCO,01/03/2019,5312988.0,22623,234.84895902400208,407319,13.043801050282458,Norte,5.5541234266017545
327,327,RIO BRANCO,01/04/2019,5333688.0,22575,236.2652491694352,407319,13.094621169157346,Norte,5.542339051210476
328,328,RIO BRANCO,01/05/2019,5410323.0,22665,238.70827266710788,407319,13.282766087513714,Norte,5.564434755069122
329,329,RIO BRANCO,01/06/2019,5308782.0,22157,239.59841133727485,407319,13.03347499134585,Norte,5.439716782178097
330,330,RIO BRANCO,01/07/2019,5307165.0,21947,241.8173326650568,407319,13.029505129885912,Norte,5.388160139841255
331,331,RIO BRANCO,01/08/2019,5302515.0,21910,242.01346417161113,407319,13.018089016225613,Norte,5.379076350477145
332,332,RIO BRANCO,01/09/2019,5196705.0,21335,243.57651745957347,407319,12.758317191194124,Norte,5.237909353602459
333,333,RIO BRANCO,01/10/2019,5185982.0,21246,244.09215852395744,407319,12.731991387585651,Norte,5.216059157564463
334,334,RIO BRANCO,01/11/2019,5123393.0,20802,246.29328910681664,407319,12.578330497718005,Norte,5.107053685195141
335,335,MACEIÓ,01/01/2019,9418230.0,56474,166.77108049721997,1018948,9.24309189477775,Nordeste,5.542382928275044
336,336,MACEIÓ,01/02/2019,9517136.0,56689,167.88329305509006,1018948,9.340158673455367,Nordeste,5.563483121807982
337,337,MACEIÓ,01/03/2019,9620191.0,57051,168.6244062330196,1018948,9.441297298782668,Nordeste,5.599009959291347
338,338,MACEIÓ,01/04/2019,9599263.0,56931,168.61223235144297,1018948,9.420758468538141,Nordeste,5.5872331070869174
339,339,MACEIÓ,01/05/2019,9702014.0,57086,169.9543495778299,1018948,9.521598746942926,Nordeste,5.60244487451764
340,340,MACEIÓ,01/06/2019,9445340.0,55668,169.67270245024068,1018948,9.26969776671626,Nordeste,5.463281737635287
341,341,MACEIÓ,01/07/2019,9358873.0,54857,170.60490001276042,1018948,9.184838676752888,Nordeste,5.383689844820343
342,342,MACEIÓ,01/08/2019,9319720.0,54694,170.3974841847369,1018948,9.146413752222882,Nordeste,5.367692953909327
343,343,MACEIÓ,01/09/2019,9109301.0,53287,170.94790474224482,1018948,8.939907630222544,Nordeste,5.229609361812379
344,344,MACEIÓ,01/10/2019,9130029.0,53150,171.77853245531514,1018948,8.960250179596994,Nordeste,5.216164122212321
345,345,MACEIÓ,01/11/2019,8805285.0,50585,174.06909162795296,1018948,8.641545005240701,Nordeste,4.96443390634262
346,346,MACAPÁ,01/01/2019,6022895.0,29853,201.75175024285667,503327,11.966167123957188,Norte,5.931134232814849
347,347,MACAPÁ,01/02/2019,6146451.0,30070,204.40475557033588,503327,12.211645709449325,Norte,5.9742473580793405
348,348,MACAPÁ,01/03/2019,6295976.0,30374,207.28175413182328,503327,12.508718983881257,Norte,6.0346454690489475
349,349,MACAPÁ,01/04/2019,6371793.0,30469,209.12379795858087,503327,12.659350680571478,Norte,6.053519878726951
350,350,MACAPÁ,01/05/2019,6492224.0,30661,211.74208277616515,503327,12.898620578669533,Norte,6.091666054076178
351,351,MACAPÁ,01/06/2019,6384828.0,30084,212.2333466294376,503327,12.685248357429662,Norte,5.977028850031887
352,352,MACAPÁ,01/07/2019,6387606.0,29814,214.2485409539143,503327,12.690767632175506,Norte,5.923385790947036
353,353,MACAPÁ,01/08/2019,6404036.0,29762,215.17492104025268,503327,12.723410427018615,Norte,5.9130545351232895
354,354,MACAPÁ,01/09/2019,6358339.0,29277,217.17863852170646,503327,12.632620542907492,Norte,5.81669570676717
355,355,MACAPÁ,01/10/2019,6354129.0,29225,217.4210094097519,503327,12.624256199250189,Norte,5.806364450943423
356,356,MACAPÁ,01/11/2019,6273559.0,28553,219.7162820018912,503327,12.464181337381067,Norte,5.67285283722113
357,357,MANAUS,01/01/2019,19760839.0,118979,166.08678002000352,2182763,9.053130825472119,Norte,5.450843724215593
358,358,MANAUS,01/02/2019,19894724.0,119294,166.77053330427347,2182763,9.114468222156964,Norte,5.465274974882751
359,359,MANAUS,01/03/2019,20104936.0,119774,167.85726451483632,2182763,9.210773684545687,Norte,5.4872654520898525
360,360,MANAUS,01/04/2019,20256874.0,119364,169.70672899701754,2182763,9.280381791335113,Norte,5.4684819194754555
361,361,MANAUS,01/05/2019,20656354.0,119735,172.51725894684094,2182763,9.463397537891195,Norte,5.485478725816773
362,362,MANAUS,01/06/2019,20230556.0,117087,172.7822559293517,2182763,9.268324595936432,Norte,5.3641645932242765
363,363,MANAUS,01/07/2019,20051622.0,115230,174.01390262952356,2182763,9.186348678257787,Norte,5.279088934529309
364,364,MANAUS,01/08/2019,20027458.0,114996,174.15786636056907,2182763,9.17527830552378,Norte,5.268368576890849
365,365,MANAUS,01/09/2019,19740874.0,112364,175.6868214018725,2182763,9.043984161358793,Norte,5.147787460205254
366,366,MANAUS,01/10/2019,19749418.0,112060,176.2396751740139,2182763,9.047898466301655,Norte,5.133860157974091
367,367,MANAUS,01/11/2019,19004138.0,107248,177.19806429956736,2182763,8.706459656866091,Norte,4.913405623972919
368,368,SALVADOR,01/01/2019,25844469.0,163485,158.08464996788697,2872347,8.9976834275246,Nordeste,5.691686972360929
369,369,SALVADOR,01/02/2019,26202653.0,164678,159.11447187845368,2872347,9.122384238394595,Nordeste,5.73322095136834
370,370,SALVADOR,01/03/2019,26548148.0,165954,159.9729322583366,2872347,9.24266740752423,Nordeste,5.777644553391355
371,371,SALVADOR,01/04/2019,26584709.0,165524,160.60939199149368,2872347,9.255396022834287,Nordeste,5.762674217286421
372,372,SALVADOR,01/05/2019,26891619.0,165900,162.09535262206145,2872347,9.36224592641488,Nordeste,5.7757645576944565
373,373,SALVADOR,01/06/2019,26255429.0,162270,161.80088124730386,2872347,9.140758063005617,Nordeste,5.649387069180706
374,374,SALVADOR,01/07/2019,25958952.0,159667,162.58182341999287,2872347,9.037540380740909,Nordeste,5.558764313643165
375,375,SALVADOR,01/08/2019,25888395.0,159269,162.54509666036702,2872347,9.012976148076817,Nordeste,5.544908049062316
376,376,SALVADOR,01/09/2019,25262250.0,155339,162.62657800037337,2872347,8.79498542481114,Nordeste,5.4080861400102425
377,377,SALVADOR,01/10/2019,25308317.0,154758,163.53478980085038,2872347,8.811023528842439,Nordeste,5.387858778901019
378,378,SALVADOR,01/11/2019,24111838.0,145286,165.9611937832964,2872347,8.394472534133238,Nordeste,5.058093607770927
379,379,FORTALEZA,01/01/2019,35946874.0,197650,181.87135846192768,2669342,13.466567416239656,Nordeste,7.40444648905985
380,380,FORTALEZA,01/02/2019,36213974.0,199078,181.9084680376536,2669342,13.566629528925107,Nordeste,7.4579428188669725
381,381,FORTALEZA,01/03/2019,36930808.0,201386,183.38319446237568,2669342,13.83517286282537,Nordeste,7.544406074605652
382,382,FORTALEZA,01/04/2019,37186825.0,201218,184.8086403800853,2669342,13.931083015964234,Nordeste,7.538112388745991
383,383,FORTALEZA,01/05/2019,37939132.0,203046,186.8499354826,2669342,14.21291539263234,Nordeste,7.606593684885639
384,384,FORTALEZA,01/06/2019,37394893.0,199352,187.5822314298326,2669342,14.009030315336142,Nordeste,7.468207520804754
385,385,FORTALEZA,01/07/2019,37149703.0,196061,189.48033010134603,2669342,13.917176217959332,Nordeste,7.3449187103038875
386,386,FORTALEZA,01/08/2019,37237989.0,196038,189.9529121904937,2669342,13.95025028640017,Nordeste,7.3440570747397675
387,387,FORTALEZA,01/09/2019,36668071.0,192054,190.92583856623662,2669342,13.736745235342646,Nordeste,7.194806810067799
388,388,FORTALEZA,01/10/2019,36970278.0,191968,192.5856288548092,2669342,13.849959278353989,Nordeste,7.191585042306307
389,389,FORTALEZA,01/11/2019,36423720.0,187071,194.70532578539692,2669342,13.64520544763466,Nordeste,7.008131591980346
390,390,BRASÍLIA,01/01/2019,12013474.0,66650,180.24717179294825,3015268,3.984214338493295,Centro Oeste,2.210417117151776
391,391,BRASÍLIA,01/02/2019,12182160.0,67199,181.28484054822243,3015268,4.040158287754188,Centro Oeste,2.228624453945719
392,392,BRASÍLIA,01/03/2019,12650161.0,68326,185.1441764482042,3015268,4.1953687035447595,Centro Oeste,2.2660008994225387
393,393,BRASÍLIA,01/04/2019,12428435.0,67769,183.39410349864983,3015268,4.121834278080755,Centro Oeste,2.2475282462454413
394,394,BRASÍLIA,01/05/2019,12836151.0,68582,187.16501414365283,3015268,4.257051446173277,Centro Oeste,2.274491023683467
395,395,BRASÍLIA,01/06/2019,13014762.0,67798,191.96380424201303,3015268,4.316286976812675,Centro Oeste,2.2484900181343748
396,396,BRASÍLIA,01/07/2019,12785097.0,66973,190.89927284129425,3015268,4.240119617891345,Centro Oeste,2.2211292661216184
397,397,BRASÍLIA,01/08/2019,12777293.0,67214,190.09868479781002,3015268,4.237531456573678,Centro Oeste,2.2291219221641327
398,398,BRASÍLIA,01/09/2019,12459837.0,65270,190.89684387927073,3015268,4.132248609410507,Centro Oeste,2.16465004105771
399,399,BRASÍLIA,01/10/2019,12583058.0,65446,192.2662653179721,3015268,4.17311429697128,Centro Oeste,2.1704870014870985
400,400,BRASÍLIA,01/11/2019,12110463.0,61517,196.86367995838555,3015268,4.0163803018504485,Centro Oeste,2.040183492810589
401,401,VITÓRIA,01/01/2019,2774686.0,12456,222.75899165061008,362097,7.66282515458565,Sudeste,3.4399622200681037
402,402,VITÓRIA,01/02/2019,2785134.0,12601,221.0248392984684,362097,7.6916793014026625,Sudeste,3.4800067385258653
403,403,VITÓRIA,01/03/2019,2848750.0,12787,222.7848596230547,362097,7.867367031486037,Sudeste,3.531374189788924
404,404,VITÓRIA,01/04/2019,2854872.0,12742,224.05211112855125,362097,7.884274103347997,Sudeste,3.5189465806123774
405,405,VITÓRIA,01/05/2019,2919219.0,12866,226.89406186849052,362097,8.06198062949983,Sudeste,3.5531915481210827
406,406,VITÓRIA,01/06/2019,2842917.0,12524,226.99752475247524,362097,7.8512580883023055,Sudeste,3.4587417183793296
407,407,VITÓRIA,01/07/2019,2813064.0,12242,229.78794314654468,362097,7.7688133290250985,Sudeste,3.380862034206304
408,408,VITÓRIA,01/08/2019,2825928.0,12250,230.688,362097,7.80433972112445,Sudeste,3.3830713869488007
409,409,VITÓRIA,01/09/2019,2743273.0,11868,231.14871924502862,362097,7.576072157460572,Sudeste,3.2775747934945607
410,410,VITÓRIA,01/10/2019,2763436.0,11870,232.8084245998315,362097,7.631756131644282,Sudeste,3.278127131680185
411,411,VITÓRIA,01/11/2019,2707161.0,11508,235.24165797705945,362097,7.476341974664247,Sudeste,3.178153920082188
412,412,GOIÂNIA,01/01/2019,3672010.0,24991,146.93329598655515,1516113,2.4219896538054884,Centro Oeste,1.6483599837215301
413,413,GOIÂNIA,01/02/2019,3728476.0,25148,148.2613329091777,1516113,2.459233579555086,Centro Oeste,1.658715412373616
414,414,GOIÂNIA,01/03/2019,3846407.0,25472,151.0052999371859,1516113,2.537018678686879,Centro Oeste,1.6800858511205958
415,415,GOIÂNIA,01/04/2019,3920598.0,25447,154.0691633591386,1516113,2.585953685510249,Centro Oeste,1.6784368975135755
416,416,GOIÂNIA,01/05/2019,4056694.0,25756,157.50481441217582,1516113,2.675720081550649,Centro Oeste,1.6988179640963437
417,417,GOIÂNIA,01/06/2019,3934695.0,24900,158.01987951807232,1516113,2.595251805109513,Centro Oeste,1.6423577925919768
418,418,GOIÂNIA,01/07/2019,3866069.0,24245,159.45840379459682,1516113,2.54998736901537,Centro Oeste,1.5991552080880511
419,419,GOIÂNIA,01/08/2019,3862750.0,24179,159.7564001819761,1516113,2.5477982182066903,Centro Oeste,1.5948019705655183
420,420,GOIÂNIA,01/09/2019,3761229.0,23338,161.16329591224613,1516113,2.480836850551377,Centro Oeste,1.539331171225364
421,421,GOIÂNIA,01/10/2019,3762209.0,23252,161.80152244968176,1516113,2.4814832403653293,Centro Oeste,1.5336587708172151
422,422,GOIÂNIA,01/11/2019,3630371.0,22017,164.88944906208837,1516113,2.3945253421084045,Centro Oeste,1.4522004626304241
423,423,SÃO LUÍS,01/01/2019,12469483.0,75695,164.73324526058525,1101884,11.316511538419652,Nordeste,6.869597888706977
424,424,SÃO LUÍS,01/02/2019,12686151.0,76575,165.6696180215475,1101884,11.513145666876008,Nordeste,6.94946110479869
425,425,SÃO LUÍS,01/03/2019,12751026.0,77103,165.37652231430684,1101884,11.572022100329981,Nordeste,6.997379034453718
426,426,SÃO LUÍS,01/04/2019,12667099.0,76398,165.80406555145422,1101884,11.495855280592153,Nordeste,6.933397707925698
427,427,SÃO LUÍS,01/05/2019,12909342.0,76894,167.88490649465496,1101884,11.715699656225155,Nordeste,6.978411520631937
428,428,SÃO LUÍS,01/06/2019,12585990.0,75344,167.04701104268426,1101884,11.422245898842347,Nordeste,6.837743355924943
429,429,SÃO LUÍS,01/07/2019,12469909.0,74236,167.976574707689,1101884,11.31689814898846,Nordeste,6.737188306573106
430,430,SÃO LUÍS,01/08/2019,12409529.0,74022,167.64649698738214,1101884,11.262101092310989,Nordeste,6.717767024478077
431,431,SÃO LUÍS,01/09/2019,12211394.0,72273,168.96204668410056,1101884,11.082286338670855,Nordeste,6.5590388824957975
432,432,SÃO LUÍS,01/10/2019,12161825.0,71930,169.07861810093146,1101884,11.03730065959756,Nordeste,6.52791037895096
433,433,SÃO LUÍS,01/11/2019,11871465.0,69591,170.5890847954477,1101884,10.773788347956774,Nordeste,6.315637580725378
434,434,CUIABÁ,01/01/2019,2731994.0,20081,136.04870275384692,612547,4.46005612630541,Centro Oeste,3.278279054505205
435,435,CUIABÁ,01/02/2019,2775125.0,20262,136.96204718191692,612547,4.530468682403146,Centro Oeste,3.307827807498853
436,436,CUIABÁ,01/03/2019,2819575.0,20493,137.58722490606547,612547,4.603034542655502,Centro Oeste,3.3455391994410224
437,437,CUIABÁ,01/04/2019,2823408.0,20229,139.5722971970933,612547,4.609292021673439,Centro Oeste,3.302440465792829
438,438,CUIABÁ,01/05/2019,2899213.0,20413,142.02777641698918,612547,4.733045790771974,Centro Oeste,3.3324789771233885
439,439,CUIABÁ,01/06/2019,2807990.0,19756,142.13352905446447,612547,4.584121708211779,Centro Oeste,3.225221901339816
440,440,CUIABÁ,01/07/2019,2758298.0,19142,144.0966461184829,612547,4.502998137285792,Centro Oeste,3.1249846950519715
441,441,CUIABÁ,01/08/2019,2775998.0,19147,144.98344388154803,612547,4.531893879163558,Centro Oeste,3.125800958946824
442,442,CUIABÁ,01/09/2019,2703537.0,18532,145.8847938700626,612547,4.413599282993795,Centro Oeste,3.0254004998800093
443,443,CUIABÁ,01/10/2019,2701246.0,18479,146.17923047783972,612547,4.409859161827582,Centro Oeste,3.0167481025945766
444,444,CUIABÁ,01/11/2019,2657937.0,17944,148.12399687917966,612547,4.339156015783279,Centro Oeste,2.9294078658453966
445,445,CAMPO GRANDE,01/01/2019,4874072.0,28820,169.12116585704368,895982,5.439921784142985,Centro Oeste,3.2165824759872415
446,446,CAMPO GRANDE,01/02/2019,4944059.0,29029,170.31447862482347,895982,5.518033844429913,Centro Oeste,3.2399088374543235
447,447,CAMPO GRANDE,01/03/2019,5060612.0,29436,171.91914662318248,895982,5.648117930940577,Centro Oeste,3.2853338571533803
448,448,CAMPO GRANDE,01/04/2019,5114951.0,29125,175.62063519313304,895982,5.708765354661143,Centro Oeste,3.2506233384152807
449,449,CAMPO GRANDE,01/05/2019,5271052.0,29493,178.72213745634556,895982,5.8829887207555505,Centro Oeste,3.2916955920989484
450,450,CAMPO GRANDE,01/06/2019,5092760.0,28443,179.05143620574486,895982,5.683998116033582,Centro Oeste,3.1745057378384827
451,451,CAMPO GRANDE,01/07/2019,4954465.0,27267,181.70187406021927,895982,5.529647917034048,Centro Oeste,3.0432531010667625
452,452,CAMPO GRANDE,01/08/2019,4945444.0,27138,182.23317856879646,895982,5.519579634412298,Centro Oeste,3.0288554904004767
453,453,CAMPO GRANDE,01/09/2019,4767762.0,25901,184.0763677078105,895982,5.32126984693889,Centro Oeste,2.8907946811431477
454,454,CAMPO GRANDE,01/10/2019,4759100.0,25742,184.8768549452257,895982,5.311602242009326,Centro Oeste,2.8730487889265635
455,455,CAMPO GRANDE,01/11/2019,4648717.0,24845,187.1087542765144,895982,5.1884044545537735,Centro Oeste,2.772935170572623
456,456,BELO HORIZONTE,01/01/2019,9092032.0,54099,168.06284774210243,2512070,3.619338633079492,Sudeste,2.1535625997683185
457,457,BELO HORIZONTE,01/02/2019,9443591.0,54953,171.84850690590142,2512070,3.7592865644667546,Sudeste,2.1875584677178583
458,458,BELO HORIZONTE,01/03/2019,9640488.0,55487,173.74318308793045,2512070,3.837666943994395,Sudeste,2.2088158371382964
459,459,BELO HORIZONTE,01/04/2019,9736321.0,55290,176.09551455959487,2512070,3.875815960542501,Sudeste,2.2009736989813184
460,460,BELO HORIZONTE,01/05/2019,10080033.0,55863,180.4420278180549,2512070,4.01264017324358,Sudeste,2.22378357290999
461,461,BELO HORIZONTE,01/06/2019,9927405.0,54173,183.25374263932216,2512070,3.9518823121967137,Sudeste,2.1565083775531733
462,462,BELO HORIZONTE,01/07/2019,9790445.0,52916,185.01861440774056,2512070,3.89736153849216,Sudeste,2.1064699630185464
463,463,BELO HORIZONTE,01/08/2019,9851558.0,52935,186.1066968924152,2512070,3.9216892841361903,Sudeste,2.107226311368712
464,464,BELO HORIZONTE,01/09/2019,9547888.0,50797,187.9616512786188,2512070,3.800804913875808,Sudeste,2.0221172180711524
465,465,BELO HORIZONTE,01/10/2019,9583722.0,50570,189.51398062092156,2512070,3.8150696437599274,Sudeste,2.013080845677071
466,466,BELO HORIZONTE,01/11/2019,9368818.0,48448,193.3788391677675,2512070,3.729521072263114,Sudeste,1.928608677305967
467,467,BELÉM,01/01/2019,18346909.0,111210,164.97535293588706,1492745,12.290718776482253,Norte,7.450033327862427
468,468,BELÉM,01/02/2019,18754002.0,111907,167.5856023305066,1492745,12.563433138278807,Norte,7.4967258306006705
469,469,BELÉM,01/03/2019,19039107.0,112444,169.3207907936395,1492745,12.754426911495266,Norte,7.532699824819376
470,470,BELÉM,01/04/2019,19029194.0,111674,170.3995021222487,1492745,12.747786125560625,Norte,7.481117002569093
471,471,BELÉM,01/05/2019,19384403.0,111989,173.09202689549866,1492745,12.985743043855448,Norte,7.502219066216936
472,472,BELÉM,01/06/2019,19147624.0,110455,173.3522611018061,1492745,12.827123185808695,Norte,7.399455365785851
473,473,BELÉM,01/07/2019,18944262.0,108844,174.04966741391343,1492745,12.690889602711785,Norte,7.291533383129737
474,474,BELÉM,01/08/2019,18883489.0,108670,173.7691083095611,1492745,12.650177357820661,Norte,7.279877005114738
475,475,BELÉM,01/09/2019,18559115.0,106575,174.14135585268588,1492745,12.43287701516334,Norte,7.139531534187018
476,476,BELÉM,01/10/2019,18564666.0,106203,174.80359311883842,1492745,12.436595667712838,Norte,7.114611001879088
477,477,BELÉM,01/11/2019,18092058.0,102837,175.92946118614898,1492745,12.11999236306268,Norte,6.8891203788992765
478,478,JOÃO PESSOA,01/01/2019,10252425.0,55799,183.73850785856376,809015,12.672725474805784,Nordeste,6.8971527103947405
479,479,JOÃO PESSOA,01/02/2019,10348099.0,56250,183.96620444444446,809015,12.790985334017293,Nordeste,6.952899513606052
480,480,JOÃO PESSOA,01/03/2019,10520630.0,56657,185.68985297491932,809015,13.004245903969641,Nordeste,7.003207604308942
481,481,JOÃO PESSOA,01/04/2019,10500338.0,56430,186.07722842459685,809015,12.979163550737624,Nordeste,6.975148792049593
482,482,JOÃO PESSOA,01/05/2019,10642348.0,56868,187.14123936132802,809015,13.154697996946904,Nordeste,7.029288702928871
483,483,JOÃO PESSOA,01/06/2019,10492742.0,56036,187.25001784567058,809015,12.969774355234456,Nordeste,6.9264475936787315
484,484,JOÃO PESSOA,01/07/2019,10388463.0,55300,187.8564737793852,809015,12.840878104855905,Nordeste,6.8354727662651475
485,485,JOÃO PESSOA,01/08/2019,10400501.0,55370,187.83639154776955,809015,12.855757927850535,Nordeste,6.844125263437637
486,486,JOÃO PESSOA,01/09/2019,10157994.0,54250,187.24412903225812,809015,12.556002051877902,Nordeste,6.705685308677835
487,487,JOÃO PESSOA,01/10/2019,10217413.0,54264,188.2908189591626,809015,12.629448156091053,Nordeste,6.707415808112334
488,488,JOÃO PESSOA,01/11/2019,9965837.0,52817,188.68616165249824,809015,12.318482351995947,Nordeste,6.5285563308467705
489,489,CURITIBA,01/01/2019,4795408.0,29036,165.1538779446205,1933105,2.4806764247156776,Sul,1.5020394650057811
490,490,CURITIBA,01/02/2019,4866299.0,29315,166.0003070100631,1933105,2.5173485144366192,Sul,1.5164722040447882
491,491,CURITIBA,01/03/2019,4976119.0,29726,167.39954921617442,1933105,2.5741586721880085,Sul,1.5377333357474117
492,492,CURITIBA,01/04/2019,5006020.0,29478,169.82224031481104,1933105,2.5896265334785227,Sul,1.524904234379405
493,493,CURITIBA,01/05/2019,5152592.0,29803,172.88836694292522,1933105,2.665448591773339,Sul,1.5417165648011877
494,494,CURITIBA,01/06/2019,4979882.0,28799,172.91857356158195,1933105,2.5761052813996135,Sul,1.4897793963597423
495,495,CURITIBA,01/07/2019,4813237.0,27647,174.0961768003762,1933105,2.4898994105338303,Sul,1.4301861512954548
496,496,CURITIBA,01/08/2019,4803389.0,27553,174.3327042427322,1933105,2.4848050157647927,Sul,1.4253235080350009
497,497,CURITIBA,01/09/2019,4585485.0,26261,174.61197212596628,1933105,2.3720827373577738,Sul,1.3584880283274834
498,498,CURITIBA,01/10/2019,4555779.0,26105,174.51748707144225,1933105,2.35671575004979,Sul,1.3504181097250278
499,499,CURITIBA,01/11/2019,4400318.0,24951,176.3583824295619,1933105,2.276295390058998,Sul,1.2907214041658368
500,500,RECIFE,01/01/2019,12219921.0,89851,136.0020589642853,1645727,7.425241853600262,Nordeste,5.459654000936972
501,501,RECIFE,01/02/2019,12257173.0,90210,135.87377230905665,1645727,7.447877442613508,Nordeste,5.481468068519262
502,502,RECIFE,01/03/2019,12379522.0,90768,136.38641371408426,1645727,7.522220878675503,Nordeste,5.515374056571959
503,503,RECIFE,01/04/2019,12380907.0,90508,136.79350996596986,1645727,7.5230624520348774,Nordeste,5.499575567515147
504,504,RECIFE,01/05/2019,12524488.0,90783,137.96071951797143,1645727,7.6103071773143425,Nordeste,5.5162855078636985
505,505,RECIFE,01/06/2019,12359041.0,89533,138.0389465336803,1645727,7.509775922738098,Nordeste,5.440331233552102
506,506,RECIFE,01/07/2019,12283503.0,88395,138.9615136602749,1645727,7.463876450954503,Nordeste,5.371182462218824
507,507,RECIFE,01/08/2019,12247215.0,88181,138.88723194338914,1645727,7.441826621304749,Nordeste,5.358179090456679
508,508,RECIFE,01/09/2019,12136005.0,86745,139.90437489192462,1645727,7.3742516225352075,Nordeste,5.2709228201275184
509,509,RECIFE,01/10/2019,12121824.0,86359,140.36549751618244,1645727,7.365634762023108,Nordeste,5.2474681402200964
510,510,RECIFE,01/11/2019,11787116.0,83393,141.34418956027486,1645727,7.16225473605282,Nordeste,5.067243838133543
511,511,TERESINA,01/01/2019,10248912.0,53049,193.19708194310917,864845,11.850576692933414,Nordeste,6.133931513739456
512,512,TERESINA,01/02/2019,10505482.0,53673,195.73122426545936,864845,12.147242569477768,Nordeste,6.206083170972834
513,513,TERESINA,01/03/2019,10840233.0,54486,198.95446536725032,864845,12.534307303620881,Nordeste,6.300088455156706
514,514,TERESINA,01/04/2019,10954599.0,54881,199.6064029445528,864845,12.666546028479091,Nordeste,6.345761379206678
515,515,TERESINA,01/05/2019,11347008.0,55734,203.59220583485845,864845,13.120279356416464,Nordeste,6.44439176962346
516,516,TERESINA,01/06/2019,11112961.0,54669,203.27719548555854,864845,12.849656296793064,Nordeste,6.321248316172262
517,517,TERESINA,01/07/2019,11118225.0,54180,205.20902547065342,864845,12.855742936595574,Nordeste,6.264706392474952
518,518,TERESINA,01/08/2019,11105136.0,54159,205.04691740984882,864845,12.840608432724938,Nordeste,6.262278211702674
519,519,TERESINA,01/09/2019,10902324.0,53011,205.6615419441248,864845,12.606101671397765,Nordeste,6.129537662818192
520,520,TERESINA,01/10/2019,10983208.0,53023,207.1404484846199,864845,12.699625944533414,Nordeste,6.130925194688065
521,521,TERESINA,01/11/2019,10797349.0,51627,209.1415150986887,864845,12.484721539697864,Nordeste,5.969508987159549
522,522,RIO DE JANEIRO,01/01/2019,42149136.0,234363,179.84552169071057,6718903,6.273216922464872,Sudeste,3.4881140567143176
523,523,RIO DE JANEIRO,01/02/2019,42539114.0,235610,180.5488476720004,6718903,6.331258837938276,Sudeste,3.506673634073896
524,524,RIO DE JANEIRO,01/03/2019,42868144.0,236807,181.0256622481599,6718903,6.380229629747594,Sudeste,3.52448904233325
525,525,RIO DE JANEIRO,01/04/2019,43136750.0,235918,182.8463703490196,6718903,6.420207286814529,Sudeste,3.5112577157312725
526,526,RIO DE JANEIRO,01/05/2019,44055959.0,237215,185.72164070568886,6718903,6.557016673704027,Sudeste,3.5305614621910757
527,527,RIO DE JANEIRO,01/06/2019,43446040.0,233260,186.25585183914944,6718903,6.466240099016164,Sudeste,3.4716976863633837
528,528,RIO DE JANEIRO,01/07/2019,42721943.0,227999,187.377764814758,6718903,6.358469976423232,Sudeste,3.393396213637851
529,529,RIO DE JANEIRO,01/08/2019,42639087.0,227623,187.32328016061646,6718903,6.346138201429608,Sudeste,3.3878000620041697
530,530,RIO DE JANEIRO,01/09/2019,41831668.0,222380,188.10894864646102,6718903,6.225966947282911,Sudeste,3.309766490154717
531,531,RIO DE JANEIRO,01/10/2019,41819330.0,221709,188.62260891528987,6718903,6.224130635611202,Sudeste,3.299779740829716
532,532,RIO DE JANEIRO,01/11/2019,40390674.0,211375,191.0853885274985,6718903,6.0114983056013775,Sudeste,3.145974871195492
533,533,NATAL,01/01/2019,7720861.0,42885,180.03639967354553,884122,8.732800450616544,Nordeste,4.850574920655746
534,534,NATAL,01/02/2019,8004499.0,43433,184.29532843690282,884122,9.053613641556256,Nordeste,4.912557316750403
535,535,NATAL,01/03/2019,8033023.0,43832,183.2684568351889,884122,9.0858761573629,Nordeste,4.957686835074798
536,536,NATAL,01/04/2019,8127621.0,43717,185.91442688199098,884122,9.192872703088488,Nordeste,4.944679580419896
537,537,NATAL,01/05/2019,8190043.0,43871,186.68466640833358,884122,9.263476081355288,Nordeste,4.962097991001243
538,538,NATAL,01/06/2019,8092172.0,43053,187.95837688430538,884122,9.152777557848351,Nordeste,4.869576823108123
539,539,NATAL,01/07/2019,8086730.0,42633,189.68240564820684,884122,9.146622298732527,Nordeste,4.8220720669771815
540,540,NATAL,01/08/2019,8080827.0,42604,189.6729649798141,884122,9.139945618364887,Nordeste,4.8187919766729035
541,541,NATAL,01/09/2019,8040584.0,41740,192.63497843794917,884122,9.09442814453209,Nordeste,4.721067906917824
542,542,NATAL,01/10/2019,8073015.0,41695,193.62069792541072,884122,9.13110973372453,Nordeste,4.71597811161808
543,543,NATAL,01/11/2019,7917878.0,40114,197.38440444732512,884122,8.955639606298679,Nordeste,4.5371566367537515
544,544,PORTO ALEGRE,01/01/2019,10048839.0,45209,222.27518856864785,1483771,6.772499934289051,Sul,3.046898746504683
545,545,PORTO ALEGRE,01/02/2019,10300647.0,45799,224.9098670276644,1483771,6.9422080631040775,Sul,3.086662294922869
546,546,PORTO ALEGRE,01/03/2019,10456868.0,46275,225.97229605618583,1483771,7.047494525772509,Sul,3.1187427170365236
547,547,PORTO ALEGRE,01/04/2019,10477946.0,45667,229.44239823066985,1483771,7.061700221934518,Sul,3.0777660434123595
548,548,PORTO ALEGRE,01/05/2019,10786501.0,46099,233.9855745243932,1483771,7.269653470784912,Sul,3.1068810483558447
549,549,PORTO ALEGRE,01/06/2019,10515035.0,44894,234.2191606896245,1483771,7.086696666803705,Sul,3.0256690554000585
550,550,PORTO ALEGRE,01/07/2019,10250074.0,43062,238.0306070317217,1483771,6.908123962525215,Sul,2.902199867769353
551,551,PORTO ALEGRE,01/08/2019,10181722.0,42894,237.36937567025691,1483771,6.862057554703523,Sul,2.8908773658468863
552,552,PORTO ALEGRE,01/09/2019,9778187.0,41304,236.73704725934533,1483771,6.590091732484328,Sul,2.783717972652114
553,553,PORTO ALEGRE,01/10/2019,9753702.0,41034,237.69805527123847,1483771,6.5735898598907765,Sul,2.765521094562436
554,554,PORTO ALEGRE,01/11/2019,9432502.0,39351,239.70171024878655,1483771,6.357114406468384,Sul,2.652093887803441
555,555,PORTO VELHO,01/01/2019,3917198.0,23779,164.73350435258,529544,7.397304095599233,Norte,4.490467269953017
556,556,PORTO VELHO,01/02/2019,3944863.0,23898,165.07084274834713,529544,7.449547157554424,Norte,4.5129394346834255
557,557,PORTO VELHO,01/03/2019,3998661.0,24051,166.25757764749906,529544,7.5511402263079175,Norte,4.5418322179082375
558,558,PORTO VELHO,01/04/2019,4002772.0,23895,167.5150449884913,529544,7.558903509434532,Norte,4.5123729095221545
559,559,PORTO VELHO,01/05/2019,4093877.0,24099,169.87746379517822,529544,7.730947758826463,Norte,4.550896620488572
560,560,PORTO VELHO,01/06/2019,3986427.0,23529,169.426112456968,529544,7.528037330231293,Norte,4.4432568398471135
561,561,PORTO VELHO,01/07/2019,3950260.0,23083,171.13286834466925,529544,7.459738945205688,Norte,4.359033432538183
562,562,PORTO VELHO,01/08/2019,3932898.0,22998,171.01043569006,529544,7.426952245705737,Norte,4.3429818863021765
563,563,PORTO VELHO,01/09/2019,3840108.0,22329,171.97850329168347,529544,7.2517260133246735,Norte,4.2166467753387815
564,564,PORTO VELHO,01/10/2019,3828239.0,22231,172.20273491970673,529544,7.2293123895275935,Norte,4.198140286737268
565,565,PORTO VELHO,01/11/2019,3679798.0,21164,173.87062937062942,529544,6.948993851313581,Norte,3.9966461710452768
566,566,BOA VISTA,01/01/2019,3223994.0,18130,177.82647545504688,399213,8.075874282651116,Norte,4.541435273901401
567,567,BOA VISTA,01/02/2019,3240470.0,18134,178.6958200066174,399213,8.117145483739257,Norte,4.542437245280088
568,568,BOA VISTA,01/03/2019,3367110.0,18247,184.5295117005535,399213,8.43436962223174,Norte,4.570742936728013
569,569,BOA VISTA,01/04/2019,3381762.0,17921,188.70386697170918,399213,8.471071833833067,Norte,4.489082269364976
570,570,BOA VISTA,01/05/2019,3419852.0,17895,191.10656607991055,399213,8.56648455836859,Norte,4.482569455403507
571,571,BOA VISTA,01/06/2019,3308503.0,17272,191.5529759147753,399213,8.287563280754885,Norte,4.326512413172918
572,572,BOA VISTA,01/07/2019,3258354.0,16918,192.59687906371914,399213,8.161943624080378,Norte,4.237837946159068
573,573,BOA VISTA,01/08/2019,3230419.0,16796,192.3326387235056,399213,8.091968447921285,Norte,4.2072778191090965
574,574,BOA VISTA,01/09/2019,3102030.0,16029,193.52610892756886,399213,7.77036318957549,Norte,4.0151498072457565
575,575,BOA VISTA,01/10/2019,2953826.0,14965,197.38229201470097,399213,7.399122774057959,Norte,3.748625420514863
576,576,BOA VISTA,01/11/2019,2805328.0,14059,199.5396543139626,399213,7.027145909577093,Norte,3.5216789032421287
577,577,FLORIANÓPOLIS,01/01/2019,925959.0,5486,168.78581844695591,500973,1.8483211670090005,Sul,1.095068995734301
578,578,FLORIANÓPOLIS,01/02/2019,936046.0,5517,169.66576037701643,500973,1.8684559846538635,Sul,1.1012569539675792
579,579,FLORIANÓPOLIS,01/03/2019,968418.0,5606,172.7466999643239,500973,1.9330742375337595,Sul,1.1190223824437644
580,580,FLORIANÓPOLIS,01/04/2019,993480.0,5600,177.40714285714282,500973,1.9831008856764736,Sul,1.1178247131082912
581,581,FLORIANÓPOLIS,01/05/2019,1046989.0,5708,183.42484232655917,500973,2.08991103312953,Sul,1.1393827611468084
582,582,FLORIANÓPOLIS,01/06/2019,1010897.0,5497,183.8997635073676,500973,2.0178672303697005,Sul,1.0972647228493349
583,583,FLORIANÓPOLIS,01/07/2019,970591.0,5128,189.2728159126365,500973,1.9374117966437312,Sul,1.0236080587177354
584,584,FLORIANÓPOLIS,01/08/2019,981432.0,5187,189.20994794679004,500973,1.9590516854201725,Sul,1.0353851405165548
585,585,FLORIANÓPOLIS,01/09/2019,915378.0,4852,188.6599340478153,500973,1.8272002682779311,Sul,0.9685152692859696
586,586,FLORIANÓPOLIS,01/10/2019,942162.0,4915,191.6911495422177,500973,1.8806642274134533,Sul,0.9810907973084376
587,587,SÃO PAULO,01/01/2019,73206555.0,448213,163.32983425291098,12252023,5.975058567878952,Sudeste,3.6582774942554392
588,588,SÃO PAULO,01/02/2019,73800539.0,450885,163.67929516395537,12252023,6.023539051469296,Sudeste,3.680086137611723
589,589,SÃO PAULO,01/03/2019,74622604.0,453250,164.6389498069498,12252023,6.090635317938923,Sudeste,3.699389072318913
590,590,SÃO PAULO,01/04/2019,74450319.0,446267,166.8290933454636,12252023,6.076573558505398,Sudeste,3.642394402948803
591,591,SÃO PAULO,01/05/2019,76010225.0,447473,169.86550026482044,12252023,6.203891798113665,Sudeste,3.6522376753618566
592,592,SÃO PAULO,01/06/2019,73578717.0,434385,169.38595255361028,12252023,6.0054341230015655,Sudeste,3.5454145001196946
593,593,SÃO PAULO,01/07/2019,71661478.0,418325,171.30575031375128,12252023,5.848950659005456,Sudeste,3.4143341062941195
594,594,SÃO PAULO,01/08/2019,71228222.0,416624,170.96523964053918,12252023,5.8135886620519726,Sudeste,3.400450684756305
595,595,SÃO PAULO,01/09/2019,68824614.0,400552,171.82441730412032,12252023,5.6174081619011,Sudeste,3.269272347921645
596,596,SÃO PAULO,01/10/2019,68412872.0,397741,172.00357016249268,12252023,5.583802119862165,Sudeste,3.246329198043458
597,597,SÃO PAULO,01/11/2019,64177179.0,367358,174.69928244382862,12252023,5.238088354878211,Sudeste,2.998345660957378
598,598,ARACAJU,01/01/2019,4420966.0,30375,145.54620576131688,657013,6.7288866430344605,Nordeste,4.623196192464988
599,599,ARACAJU,01/02/2019,4450741.0,30507,145.89245091290525,657013,6.774205381019857,Nordeste,4.643287119128541
600,600,ARACAJU,01/03/2019,4494260.0,30691,146.4357629272425,657013,6.840443035373727,Nordeste,4.671292653265613
601,601,ARACAJU,01/04/2019,4503788.0,30623,147.07207001273554,657013,6.8549450315290565,Nordeste,4.660942781954086
602,602,ARACAJU,01/05/2019,4608266.0,30857,149.34264510483843,657013,7.013964716071067,Nordeste,4.696558515584926
603,603,ARACAJU,01/06/2019,4534966.0,30330,149.52080448400923,657013,6.902399191492406,Nordeste,4.616347012920596
604,604,ARACAJU,01/07/2019,4526104.0,29967,151.03627323389063,657013,6.888910873909649,Nordeste,4.56109696459583
605,605,ARACAJU,01/08/2019,4531361.0,29906,151.52012973985154,657013,6.896912237657398,Nordeste,4.5518125212134315
606,606,ARACAJU,01/09/2019,4489243.0,29339,153.01281570605678,657013,6.832806961201682,Nordeste,4.465512858954085
607,607,ARACAJU,01/10/2019,4495474.0,29215,153.8755433852473,657013,6.842290791810816,Nordeste,4.446639564209536
608,608,ARACAJU,01/11/2019,4429456.0,28447,155.7090730129715,657013,6.741808761774881,Nordeste,4.329746899985237
609,609,PALMAS,01/01/2019,2056173.0,12665,162.3508093170154,299127,6.873913087083412,Norte,4.2339875704968115
610,610,PALMAS,01/02/2019,2087038.0,12741,163.80488187740366,299127,6.977096684685769,Norte,4.259394838981436
611,611,PALMAS,01/03/2019,2150014.0,12995,165.4493266641016,299127,7.187629334697302,Norte,4.344308604706362
612,612,PALMAS,01/04/2019,2177903.0,12973,167.87967316734756,299127,7.280863980850942,Norte,4.336953869092392
613,613,PALMAS,01/05/2019,2238173.0,13163,170.03517435235128,299127,7.482350306057294,Norte,4.400472040303951
614,614,PALMAS,01/06/2019,2169236.0,12716,170.59106637307332,299127,7.251889665593544,Norte,4.251037184874652
615,615,PALMAS,01/07/2019,2134158.0,12333,173.04451471661395,299127,7.134621749290434,Norte,4.12299792395872
616,616,PALMAS,01/08/2019,2135159.0,12281,173.8587248595391,299127,7.137968153994793,Norte,4.105614003416609
617,617,PALMAS,01/09/2019,2078646.0,11812,175.97748052827632,299127,6.949041711380116,Norte,3.94882441237334
618,618,PALMAS,01/10/2019,2073937.0,11752,176.47523825731793,299127,6.933299234104577,Norte,3.9287660425170574
619,619,PALMAS,01/11/2019,2037836.0,11462,177.79061245855868,299127,6.812611365740973,Norte,3.831817254878363
